{ "compressionlevel":-1,
 "editorsettings":
    {
     "export":
        {
         "format":"json",
         "target":"l01.json"
        }
    },
 "height":20,
 "infinite":false,
 "layers":[
        {
         "data":[0, 0, 0, 0, 0, 0, 0, 0, 0, 0, 0, 0, 0, 0, 0, 0, 0, 0, 0, 0, 0, 0, 0, 0, 0, 0, 0, 0, 0, 0, 0, 0, 0, 0, 0, 0, 0, 0, 0, 0, 0, 0, 0, 0, 0, 0, 0, 0, 0, 0, 0, 0, 0, 0, 0, 0, 0, 0, 0, 0, 0, 0, 0, 0, 0, 0, 0, 0, 0, 0, 0, 0, 0, 0, 0, 0, 0, 0, 0, 0, 0, 0, 0, 0, 0, 0, 0, 0, 0, 0, 0, 0, 0, 0, 0, 0, 0, 0, 0, 0, 0, 0, 0, 0, 0, 0, 0, 0, 0, 0, 0, 0, 0, 0, 0, 0, 0, 0, 0, 0, 0, 0, 0, 0, 0, 0, 0, 0, 0, 0, 0, 0, 0, 0, 0, 0, 0, 0, 0, 0, 0, 0, 0, 0, 0, 0, 0, 0, 0, 0, 0, 0, 0, 0, 0, 0, 0, 0, 0, 0, 0, 0, 0, 0, 0, 0, 0, 0, 0, 0, 0, 0, 0, 0, 0, 0, 0, 0, 0, 0, 0, 0, 0, 0, 0, 0, 0, 0, 0, 0, 0, 0, 0, 0, 0, 0, 0, 0, 0, 0, 0, 0, 0, 0, 0, 0, 0, 0, 0, 0, 0, 0, 0, 0, 0, 0, 0, 0, 0, 0, 0, 0, 0, 0, 0, 0, 0, 0, 0, 0, 0, 0, 0, 0, 0, 0, 0, 0, 0, 0, 0, 0, 0, 0, 0, 0, 0, 0, 0, 0, 0, 0, 0, 0, 0, 0, 0, 0, 0, 0, 0, 0, 0, 0, 0, 0, 0, 0, 0, 0, 0, 0, 0, 0, 0, 0, 0, 0, 0, 0, 0, 0, 0, 0, 0, 0, 0, 0, 0, 0, 0, 0, 0, 0, 0, 0, 0, 0, 0, 0, 0, 0, 0, 0, 0, 0, 0, 0, 0, 0, 0, 0, 0, 0, 0, 0, 0, 0, 0, 0, 0, 0, 0, 0, 0, 0, 0, 0, 0, 0, 0, 0, 0, 0, 0, 0, 0, 0, 0, 0, 0, 0, 0, 0, 0, 0, 0, 0, 0, 0, 0, 0, 0, 0, 0, 0, 0, 0, 0, 0, 0, 0, 0, 0, 0, 0, 0, 0, 0, 0, 0, 0, 0, 0, 0, 0, 0, 0, 0, 0, 0, 0, 0, 0, 0, 0, 0, 0, 0, 0, 0, 0, 0, 0, 0, 0, 0, 0, 0, 0, 0, 0, 0, 0, 0, 0, 0, 0, 0, 0, 351, 0, 0, 0, 0, 0, 0, 351, 0, 0, 0, 0, 0, 0, 0, 0, 0, 0, 0, 0, 0, 0, 0, 0, 0, 0, 0, 0, 0, 0, 0, 0, 0, 0, 0, 0, 0, 0, 0, 0, 0, 0, 0, 0, 0, 0, 0, 0, 0, 0, 0, 0, 0, 0, 0, 0, 0, 0, 0, 0, 0, 0, 0, 0, 0, 0, 0, 0, 0, 0, 0, 0, 0, 0, 0, 0, 0, 0, 0, 0, 0, 0, 0, 0, 0, 0, 0, 0, 0, 0, 0, 0, 0, 351, 0, 371, 371, 371, 371, 0, 0, 0, 0, 0, 0, 0, 0, 0, 0, 0, 0, 0, 0, 0, 0, 0, 0, 0, 0, 0, 0, 0, 0, 0, 0, 0, 0, 0, 0, 0, 0, 0, 0, 0, 0, 0, 0, 0, 0, 0, 0, 0, 0, 0, 0, 0, 0, 0, 0, 0, 0, 0, 0, 0, 0, 0, 0, 0, 0, 0, 0, 0, 0, 0, 0, 0, 0, 0, 0, 0, 0, 0, 0, 0, 0, 0, 0, 0, 0, 0, 0, 0, 0, 0, 0, 0, 0, 0, 0, 0, 0, 0, 0, 0, 0, 336, 336, 335, 336, 0, 0, 0, 0, 0, 0, 0, 0, 0, 0, 0, 0, 0, 0, 0, 0, 0, 351, 0, 0, 0, 0, 0, 0, 0, 0, 0, 0, 0, 0, 0, 0, 0, 0, 0, 0, 0, 0, 0, 0, 0, 0, 0, 0, 0, 0, 0, 0, 0, 0, 0, 0, 0, 0, 0, 0, 0, 0, 0, 0, 0, 0, 0, 0, 0, 0, 0, 0, 0, 0, 0, 0, 0, 0, 0, 0, 0, 0, 0, 0, 0, 0, 0, 0, 0, 0, 0, 0, 0, 0, 0, 0, 0, 0, 0, 0, 0, 0, 0, 0, 0, 0, 0, 0, 0, 0, 0, 0, 0, 348, 348, 348, 0, 0, 0, 0, 0, 0, 0, 0, 0, 0, 0, 0, 0, 0, 0, 0, 0, 0, 0, 0, 0, 0, 0, 0, 0, 0, 0, 0, 0, 0, 0, 0, 0, 0, 0, 0, 0, 0, 0, 0, 0, 0, 0, 0, 0, 0, 0, 0, 0, 0, 0, 0, 0, 0, 0, 0, 0, 0, 0, 0, 0, 0, 0, 0, 0, 0, 0, 0, 0, 0, 0, 0, 0, 0, 0, 0, 0, 0, 0, 0, 0, 0, 0, 0, 0, 0, 0, 0, 0, 0, 0, 0, 0, 0, 0, 0, 0, 0, 0, 0, 0, 0, 0, 0, 0, 0, 0, 0, 0, 0, 0, 0, 0, 0, 0, 0, 0, 0, 0, 0, 0, 0, 0, 0, 0, 0, 0, 0, 0, 0, 0, 0, 0, 0, 0, 0, 0, 0, 0, 0, 0, 0, 0, 0, 0, 0, 0, 0, 0, 0, 0, 0, 0, 0, 0, 0, 0, 0, 0, 0, 0, 0, 0, 0, 0, 0, 0, 0, 0, 0, 0, 0, 0, 0, 0, 0, 0, 0, 0, 0, 0, 0, 0, 0, 0, 0, 0, 0, 0, 0, 0, 0, 0, 0, 0, 0, 0, 0, 0, 0, 0, 0, 0, 0, 0, 0, 0, 0, 0, 0, 0, 0, 0, 0, 0, 0, 0, 0, 0, 0, 0, 0, 0, 0, 0, 0, 0, 0, 0, 0, 0, 0, 0, 0, 0, 0, 0, 0, 0, 0, 0, 0, 0, 0, 0, 0, 0, 0, 0, 0, 0, 0, 0, 0, 0, 0, 0, 0, 0, 0, 0, 0, 0, 0, 0, 0, 0, 0, 0, 0, 0, 0, 0, 0, 0, 0, 0, 0, 0, 0, 0, 0, 0, 0, 0, 0, 0, 0, 0, 0, 0, 0, 409, 0, 0, 0, 0, 0, 0, 0, 0, 0, 0, 0, 0, 0, 0, 0, 0, 361, 0, 0, 0, 0, 0, 0, 0, 0, 0, 0, 0, 0, 0, 0, 0, 0, 0, 0, 0, 0, 0, 0, 0, 0, 0, 0, 0, 0, 0, 0, 0, 0, 0, 0, 0, 0, 0, 0, 0, 0, 0, 0, 0, 0, 0, 0, 0, 0, 0, 0, 0, 0, 0, 0, 0, 0, 0, 0, 0, 0, 0, 0, 0, 0, 0, 0, 0, 0, 0, 410, 0, 0, 0, 0, 0, 0, 0, 0, 0, 340, 0, 0, 0, 0, 0, 0, 0, 0, 0, 0, 0, 0, 0, 0, 0, 0, 0, 0, 0, 0, 0, 410, 0, 0, 0, 0, 0, 0, 0, 0, 0, 0, 0, 0, 0, 0, 0, 0, 0, 0, 0, 0, 0, 0, 0, 0, 0, 0, 0, 0, 0, 0, 0, 0, 0, 0, 0, 0, 0, 0, 0, 0, 0, 0, 0, 0, 0, 0, 0, 0, 0, 0, 0, 0, 0, 0, 0, 0, 0, 0, 0, 0, 0, 0, 0, 0, 0, 0, 0, 411, 0, 0, 0, 0, 0, 0, 0, 0, 0, 335, 335, 335, 335, 0, 0, 0, 0, 0, 0, 0, 0, 0, 0, 0, 0, 0, 0, 0, 0, 0, 0, 411, 0, 0, 0, 0, 0, 0, 0, 0, 0, 0, 0, 0, 0, 0, 0, 0, 0, 0, 0, 0, 0, 0, 0, 0, 0, 0, 0, 0, 0, 0, 0, 0, 0, 0, 0, 0, 0, 0, 0, 0, 0, 0, 0, 0, 0, 0, 0, 0, 0, 0, 0, 0, 0, 0, 0, 0, 0, 0, 0, 0, 0, 0, 0, 0, 0, 0, 0, 411, 0, 0, 0, 0, 0, 0, 0, 0, 0, 0, 0, 0, 0, 0, 0, 0, 0, 0, 0, 0, 0, 0, 0, 0, 0, 0, 0, 0, 0, 0, 408, 411, 0, 0, 0, 0, 0, 0, 0, 0, 0, 0, 0, 0, 0, 0, 0, 0, 0, 0, 0, 0, 0, 0, 0, 0, 0, 0, 0, 0, 0, 0, 0, 0, 0, 0, 0, 0, 0, 0, 0, 0, 0, 0, 0, 0, 0, 0, 0, 0, 0, 0, 0, 0, 0, 0, 0, 0, 0, 0, 0, 0, 0, 0, 0, 0, 0, 0, 0, 411, 0, 0, 0, 0, 0, 358, 0, 0, 0, 0, 0, 0, 0, 0, 0, 0, 0, 0, 0, 342, 0, 0, 0, 0, 0, 0, 0, 0, 0, 0, 0, 411, 0, 0, 0, 0, 0, 0, 0, 0, 0, 0, 0, 0, 0, 0, 0, 0, 0, 0, 0, 0, 0, 0, 0, 0, 0, 0, 0, 0, 0, 0, 0, 0, 0, 0, 0, 0, 0, 0, 0, 0, 0, 0, 0, 0, 0, 0, 0, 0, 0, 0, 0, 0, 0, 0, 0, 0, 0, 0, 0, 0, 0, 0, 0, 0, 0, 0, 0, 411, 0, 0, 0, 0, 0, 0, 0, 0, 0, 0, 0, 0, 0, 0, 0, 0, 0, 0, 0, 0, 0, 0, 0, 0, 0, 0, 0, 0, 0, 0, 0, 411, 0, 0, 0, 0, 0, 0, 0, 0, 0, 0, 0, 0, 0, 0, 0, 0, 0, 0, 0, 0, 0, 0, 0, 0, 0, 0, 0, 0, 0, 0, 0, 0, 0, 0, 0, 0, 0, 0, 0, 0, 0, 0, 0, 0, 0, 0, 0, 0, 0, 0, 0, 0, 0, 0, 0, 0, 0, 0, 0, 0, 0, 0, 0, 0, 0, 0, 0, 411, 0, 0, 0, 0, 0, 0, 0, 0, 0, 0, 0, 0, 0, 0, 0, 0, 0, 0, 0, 0, 0, 324, 0, 0, 0, 0, 424, 0, 0, 0, 0, 411, 0, 0, 0, 0, 0, 0, 0, 0, 0, 0, 0, 0, 0, 0, 0, 0, 0, 0, 0, 0, 0, 0, 0, 0, 0, 0, 0, 0, 0, 0, 0, 0, 0, 0, 0, 0, 0, 0, 0, 0, 0, 0, 0, 0, 0, 0, 0, 0, 0, 0, 0, 0, 0, 0, 0, 0, 0, 0, 0, 0, 0, 0, 0, 0, 0, 0, 0, 411, 0, 0, 0, 0, 0, 0, 0, 0, 0, 0, 0, 0, 0, 0, 0, 0, 0, 0, 0, 0, 0, 0, 0, 0, 0, 0, 0, 0, 0, 0, 0, 411, 0, 0, 0, 0, 0, 0, 0, 0, 0, 0, 0, 0, 0, 0, 0, 0, 0, 0, 0, 0, 0, 0, 0, 0, 0, 0, 0, 0, 0, 0, 0, 0, 0, 0, 0, 0, 0, 0, 0, 0, 0, 0, 0, 0, 0, 0, 0, 0, 0, 0, 0, 0, 0, 0, 0, 0, 0, 0, 0, 0, 0, 0, 0, 0, 0, 0, 0, 411, 0, 353, 0, 0, 0, 0, 324, 0, 341, 0, 0, 0, 0, 0, 0, 0, 0, 369, 369, 369, 0, 0, 0, 0, 0, 0, 0, 0, 0, 0, 353, 411, 0, 0, 0, 0, 0, 0, 0, 0, 0, 0, 0, 0, 0, 0, 0, 0, 0, 0, 0, 0, 0, 0, 0, 0, 0, 0, 0, 0, 0, 0, 0, 0, 0, 0, 0, 0, 0, 0, 0, 0, 0, 0, 0, 0, 0, 0, 0, 0, 0, 0, 0, 0, 0, 0, 0, 0, 0, 0, 0, 0, 0, 0, 0, 0, 0, 0, 0, 414, 414, 414, 414, 414, 414, 414, 414, 414, 414, 414, 414, 414, 414, 414, 349, 349, 349, 414, 414, 414, 414, 414, 414, 414, 414, 414, 414, 414, 414, 414, 414, 414, 0, 0, 0, 0, 0, 0, 0, 0, 0, 0, 0, 0, 0, 0, 0, 0, 0, 0, 0, 0, 0, 0, 0, 0, 0, 0, 0, 0, 0, 0, 0, 0, 0, 0, 0, 0, 0, 0, 0, 0, 0, 0, 0, 0, 0, 0, 0, 0, 0, 0, 0, 0, 0, 0, 0, 0, 0, 0, 0, 0, 0, 0, 0, 0, 0, 0, 0],
         "height":20,
         "id":1,
         "name":"base",
         "opacity":1,
         "type":"tilelayer",
         "visible":true,
         "width":100,
         "x":0,
         "y":0
        }, 
        {
         "draworder":"topdown",
         "id":2,
         "name":"objs",
         "objects":[
                {
                 "gid":318,
                 "height":32,
                 "id":610,
                 "name":"",
                 "properties":[
                        {
                         "name":"travel_to",
                         "type":"string",
                         "value":"l02.json"
                        }],
                 "rotation":0,
                 "type":"",
                 "visible":true,
                 "width":28,
                 "x":0,
                 "y":32
                }, 
                {
                 "gid":355,
                 "height":16,
                 "id":615,
                 "name":"",
                 "properties":[
                        {
                         "name":"spawn",
                         "type":"string",
                         "value":"..\/..\/data\/gfx\/misc\/OBElectricProjectile.png"
                        }, 
                        {
                         "name":"speed_ampl",
                         "type":"string",
                         "value":"10.0f"
                        }],
                 "rotation":0,
                 "type":"",
                 "visible":true,
                 "width":16,
                 "x":48,
                 "y":128
                }, 
                {
                 "gid":339,
                 "height":16,
                 "id":616,
                 "name":"",
                 "rotation":0,
                 "type":"",
                 "visible":true,
                 "width":16,
                 "x":272,
                 "y":272
                }, 
                {
                 "gid":339,
                 "height":16,
                 "id":617,
                 "name":"",
                 "rotation":0,
                 "type":"",
                 "visible":true,
                 "width":16,
                 "x":256,
                 "y":256
                }, 
                {
                 "gid":339,
                 "height":16,
                 "id":618,
                 "name":"",
                 "rotation":0,
                 "type":"",
                 "visible":true,
                 "width":16,
                 "x":240,
                 "y":240
                }, 
                {
                 "gid":355,
                 "height":16,
                 "id":619,
                 "name":"",
                 "properties":[
                        {
                         "name":"spawn",
                         "type":"string",
                         "value":"..\/..\/data\/gfx\/misc\/OBElectricProjectile.png"
                        }, 
                        {
                         "name":"speed_ampl",
                         "type":"string",
                         "value":"10.0f"
                        }],
                 "rotation":180,
                 "type":"",
                 "visible":true,
                 "width":16,
                 "x":368,
                 "y":272
                }, 
                {
                 "gid":333,
                 "height":16,
                 "id":623,
                 "name":"",
                 "properties":[
                        {
                         "name":"phase",
                         "type":"string",
                         "value":"0"
                        }, 
                        {
                         "name":"phase_tot",
                         "type":"string",
                         "value":"4"
                        }],
                 "rotation":0,
                 "type":"",
                 "visible":true,
                 "width":16,
                 "x":16,
                 "y":272
                }, 
                {
                 "gid":333,
                 "height":16,
                 "id":625,
                 "name":"",
                 "properties":[
                        {
                         "name":"phase",
                         "type":"string",
                         "value":"1"
                        }, 
                        {
                         "name":"phase_tot",
                         "type":"string",
                         "value":"4"
                        }],
                 "rotation":0,
                 "type":"",
                 "visible":true,
                 "width":16,
                 "x":64,
                 "y":256
                }, 
                {
                 "gid":333,
                 "height":16,
                 "id":626,
                 "name":"",
                 "properties":[
                        {
                         "name":"phase",
                         "type":"string",
                         "value":"2"
                        }, 
                        {
                         "name":"phase_tot",
                         "type":"string",
                         "value":"4"
                        }],
                 "rotation":0,
                 "type":"",
                 "visible":true,
                 "width":16,
                 "x":96,
                 "y":224
                }, 
                {
                 "gid":333,
                 "height":16,
                 "id":627,
                 "name":"",
                 "properties":[
                        {
                         "name":"phase",
                         "type":"string",
                         "value":"0"
                        }, 
                        {
                         "name":"phase_tot",
                         "type":"string",
                         "value":"4"
                        }],
                 "rotation":0,
                 "type":"",
                 "visible":true,
                 "width":16,
                 "x":128,
                 "y":208
                }],
         "opacity":1,
         "properties":[
                {
                 "name":"phase",
                 "type":"string",
                 "value":"1"
                }, 
                {
                 "name":"phase_tot",
                 "type":"string",
                 "value":"4"
                }],
         "type":"objectgroup",
         "visible":true,
         "x":0,
         "y":0
        }],
 "nextlayerid":3,
 "nextobjectid":628,
 "orientation":"orthogonal",
 "renderorder":"right-down",
 "tiledversion":"1.4.2",
 "tileheight":16,
 "tilesets":[
        {
         "columns":0,
         "firstgid":1,
         "grid":
            {
             "height":1,
             "orientation":"orthogonal",
             "width":1
            },
         "margin":0,
         "name":"basets",
         "spacing":0,
         "tilecount":118,
         "tileheight":128,
         "tiles":[
                {
                 "id":303,
                 "image":"..\/gfx\/misc\/star_yellow.png",
                 "imageheight":45,
                 "imagewidth":50
                }, 
                {
                 "id":304,
                 "image":"..\/gfx\/misc\/spring_jump_up_extended.png",
                 "imageheight":16,
                 "imagewidth":16
                }, 
                {
                 "id":305,
                 "image":"..\/gfx\/misc\/spring_jump_up.png",
                 "imageheight":10,
                 "imagewidth":16
                }, 
                {
                 "id":306,
                 "image":"..\/gfx\/misc\/fireball_small.png",
                 "imageheight":5,
                 "imagewidth":5
                }, 
                {
                 "id":307,
                 "image":"..\/gfx\/misc\/OBUIHUD.png",
                 "imageheight":32,
                 "imagewidth":128
                }, 
                {
                 "id":308,
                 "image":"..\/gfx\/misc\/OBPixelRed4x4.png",
                 "imageheight":4,
                 "imagewidth":4
                }, 
                {
                 "id":309,
                 "image":"..\/gfx\/misc\/OBPixelGreen4x4.png",
                 "imageheight":4,
                 "imagewidth":4
                }, 
                {
                 "id":310,
                 "image":"..\/gfx\/misc\/OBPixelBlue4x4.png",
                 "imageheight":4,
                 "imagewidth":4
                }, 
                {
                 "id":311,
                 "image":"..\/gfx\/misc\/OBObjectIsBurningFire.png",
                 "imageheight":8,
                 "imagewidth":8
                }, 
                {
                 "id":312,
                 "image":"..\/gfx\/misc\/OBInvisibleMarker.png",
                 "imageheight":16,
                 "imagewidth":16
                }, 
                {
                 "id":313,
                 "image":"..\/gfx\/misc\/OBHeartStatus.png",
                 "imageheight":8,
                 "imagewidth":8
                }, 
                {
                 "id":314,
                 "image":"..\/gfx\/misc\/OBFireball.png",
                 "imageheight":8,
                 "imagewidth":8
                }, 
                {
                 "id":315,
                 "image":"..\/gfx\/misc\/OBFireSource.png",
                 "imageheight":14,
                 "imagewidth":13
                }, 
                {
                 "id":316,
                 "image":"..\/gfx\/misc\/OBDoorRabbitEndLevel.png",
                 "imageheight":54,
                 "imagewidth":32
                }, 
                {
                 "id":317,
                 "image":"..\/gfx\/misc\/OBDoorOrangeTravel.png",
                 "imageheight":32,
                 "imagewidth":28
                }, 
                {
                 "id":318,
                 "image":"..\/gfx\/misc\/OBDisruptSurroundingObjects.png",
                 "imageheight":16,
                 "imagewidth":16
                }, 
                {
                 "id":319,
                 "image":"..\/gfx\/misc\/OBDisplayLivesAndTriggerNextLevel.png",
                 "imageheight":16,
                 "imagewidth":16
                }, 
                {
                 "id":320,
                 "image":"..\/gfx\/misc\/OBCoin.png",
                 "imageheight":16,
                 "imagewidth":16
                }, 
                {
                 "id":321,
                 "image":"..\/gfx\/misc\/OBCameraTracker.png",
                 "imageheight":32,
                 "imagewidth":32
                }, 
                {
                 "id":322,
                 "image":"..\/gfx\/misc\/OBCameraNormal.png",
                 "imageheight":16,
                 "imagewidth":16
                }, 
                {
                 "id":323,
                 "image":"..\/gfx\/misc\/OBButtonFloorRed.png",
                 "imageheight":7,
                 "imagewidth":16
                }, 
                {
                 "id":324,
                 "image":"..\/gfx\/misc\/OBBall.png",
                 "imageheight":8,
                 "imagewidth":8
                }, 
                {
                 "id":325,
                 "image":"..\/gfx\/misc\/vampire_wannabe.png",
                 "imageheight":32,
                 "imagewidth":32
                }, 
                {
                 "id":326,
                 "image":"..\/gfx\/misc\/left_arrow_unused.png",
                 "imageheight":16,
                 "imagewidth":16
                }, 
                {
                 "id":327,
                 "image":"..\/gfx\/misc\/bully.png",
                 "imageheight":16,
                 "imagewidth":16
                }, 
                {
                 "id":328,
                 "image":"..\/gfx\/misc\/OBWindGust.png",
                 "imageheight":4,
                 "imagewidth":4
                }, 
                {
                 "id":329,
                 "image":"..\/gfx\/misc\/OBWaterTopBlock.png",
                 "imageheight":16,
                 "imagewidth":16
                }, 
                {
                 "id":330,
                 "image":"..\/gfx\/misc\/OBUIHUD_400x32.png",
                 "imageheight":32,
                 "imagewidth":400
                }, 
                {
                 "id":331,
                 "image":"..\/gfx\/misc\/OBSurfaceMovingTopDown.png",
                 "imageheight":12,
                 "imagewidth":80
                }, 
                {
                 "id":332,
                 "image":"..\/gfx\/misc\/OBSporadicBlock.png",
                 "imageheight":16,
                 "imagewidth":16
                }, 
                {
                 "id":333,
                 "image":"..\/gfx\/misc\/OBSpikeFloorRaising.png",
                 "imageheight":16,
                 "imagewidth":16
                }, 
                {
                 "id":334,
                 "image":"..\/gfx\/misc\/OBSpikeCeilingFalling.png",
                 "imageheight":16,
                 "imagewidth":16
                }, 
                {
                 "id":335,
                 "image":"..\/gfx\/misc\/OBSpikeCeiling.png",
                 "imageheight":16,
                 "imagewidth":16
                }, 
                {
                 "id":336,
                 "image":"..\/gfx\/misc\/OBSoundBox.png",
                 "imageheight":32,
                 "imagewidth":32
                }, 
                {
                 "id":337,
                 "image":"..\/gfx\/misc\/OBRoundRedBallProjectile.png",
                 "imageheight":16,
                 "imagewidth":16
                }, 
                {
                 "id":338,
                 "image":"..\/gfx\/misc\/OBQuestionBlock.png",
                 "imageheight":16,
                 "imagewidth":16
                }, 
                {
                 "id":339,
                 "image":"..\/gfx\/misc\/OBPlatformMoveOnPlayerContact.png",
                 "imageheight":16,
                 "imagewidth":64
                }, 
                {
                 "id":340,
                 "image":"..\/gfx\/misc\/OBPlatformMoveOnActivation_TopDown.png",
                 "imageheight":64,
                 "imagewidth":16
                }, 
                {
                 "id":341,
                 "image":"..\/gfx\/misc\/OBPlatformMoveOnActivation.png",
                 "imageheight":16,
                 "imagewidth":64
                }, 
                {
                 "id":342,
                 "image":"..\/gfx\/misc\/OBPixelWhite4x4.png",
                 "imageheight":4,
                 "imagewidth":4
                }, 
                {
                 "id":343,
                 "image":"..\/gfx\/misc\/OBMonsterThrowOblique.png",
                 "imageheight":47,
                 "imagewidth":39
                }, 
                {
                 "id":344,
                 "image":"..\/gfx\/misc\/OBMonsterSpider.png",
                 "imageheight":23,
                 "imagewidth":32
                }, 
                {
                 "id":345,
                 "image":"..\/gfx\/misc\/OBMonsterGhostCircleBig.png",
                 "imageheight":20,
                 "imagewidth":22
                }, 
                {
                 "id":346,
                 "image":"..\/gfx\/misc\/OBMetalBarrel.png",
                 "imageheight":32,
                 "imagewidth":16
                }, 
                {
                 "id":347,
                 "image":"..\/gfx\/misc\/OBMagnet.png",
                 "imageheight":16,
                 "imagewidth":16
                }, 
                {
                 "id":348,
                 "image":"..\/gfx\/misc\/OBLava.png",
                 "imageheight":16,
                 "imagewidth":16
                }, 
                {
                 "id":349,
                 "image":"..\/gfx\/misc\/OBHornetNest.png",
                 "imageheight":29,
                 "imagewidth":22
                }, 
                {
                 "id":350,
                 "image":"..\/gfx\/misc\/OBHornet.png",
                 "imageheight":11,
                 "imagewidth":15
                }, 
                {
                 "id":351,
                 "image":"..\/gfx\/misc\/OBHeroKid.png",
                 "imageheight":17,
                 "imagewidth":13
                }, 
                {
                 "id":352,
                 "image":"..\/gfx\/misc\/OBHero.png",
                 "imageheight":30,
                 "imagewidth":14
                }, 
                {
                 "id":353,
                 "image":"..\/gfx\/misc\/OBGibs.png",
                 "imageheight":8,
                 "imagewidth":8
                }, 
                {
                 "id":354,
                 "image":"..\/gfx\/misc\/OBGenericLauncher.png",
                 "imageheight":16,
                 "imagewidth":16
                }, 
                {
                 "id":355,
                 "image":"..\/gfx\/misc\/OBGasBurnable.png",
                 "imageheight":3,
                 "imagewidth":3
                }, 
                {
                 "id":356,
                 "image":"..\/gfx\/misc\/OBFlyingFire.png",
                 "imageheight":16,
                 "imagewidth":16
                }, 
                {
                 "id":357,
                 "image":"..\/gfx\/misc\/OBFan.png",
                 "imageheight":16,
                 "imagewidth":32
                }, 
                {
                 "id":358,
                 "image":"..\/gfx\/misc\/OBEvilHorse.png",
                 "imageheight":30,
                 "imagewidth":16
                }, 
                {
                 "id":359,
                 "image":"..\/gfx\/misc\/OBEmptyObject.png",
                 "imageheight":16,
                 "imagewidth":16
                }, 
                {
                 "id":360,
                 "image":"..\/gfx\/misc\/OBElevator.png",
                 "imageheight":48,
                 "imagewidth":48
                }, 
                {
                 "id":361,
                 "image":"..\/gfx\/misc\/OBElectricWire_TopDown.png",
                 "imageheight":16,
                 "imagewidth":4
                }, 
                {
                 "id":362,
                 "image":"..\/gfx\/misc\/OBElectricWire.png",
                 "imageheight":4,
                 "imagewidth":16
                }, 
                {
                 "id":363,
                 "image":"..\/gfx\/misc\/OBElectricProjectile.png",
                 "imageheight":6,
                 "imagewidth":8
                }, 
                {
                 "id":364,
                 "image":"..\/gfx\/misc\/OBDownCrunch.png",
                 "imageheight":16,
                 "imagewidth":32
                }, 
                {
                 "id":365,
                 "image":"..\/gfx\/misc\/OBCitrusThrowAcid.png",
                 "imageheight":20,
                 "imagewidth":30
                }, 
                {
                 "id":366,
                 "image":"..\/gfx\/misc\/OBCitizenYellow.png",
                 "imageheight":30,
                 "imagewidth":16
                }, 
                {
                 "id":367,
                 "image":"..\/gfx\/misc\/OBCitizenGreen.png",
                 "imageheight":30,
                 "imagewidth":16
                }, 
                {
                 "id":368,
                 "image":"..\/gfx\/misc\/OBCircularSaw.png",
                 "imageheight":16,
                 "imagewidth":16
                }, 
                {
                 "id":369,
                 "image":"..\/gfx\/misc\/OBBushBranch.png",
                 "imageheight":8,
                 "imagewidth":32
                }, 
                {
                 "id":370,
                 "image":"..\/gfx\/misc\/OBBrickBreakable.png",
                 "imageheight":16,
                 "imagewidth":16
                }, 
                {
                 "id":371,
                 "image":"..\/gfx\/misc\/OBBomb.png",
                 "imageheight":12,
                 "imagewidth":10
                }, 
                {
                 "id":372,
                 "image":"..\/gfx\/misc\/OBBlockUpIfAbove.png",
                 "imageheight":16,
                 "imagewidth":16
                }, 
                {
                 "id":373,
                 "image":"..\/gfx\/misc\/OBBlockFallIfAbove.png",
                 "imageheight":16,
                 "imagewidth":16
                }, 
                {
                 "id":374,
                 "image":"..\/gfx\/misc\/OBBatSingleDash.png",
                 "imageheight":14,
                 "imagewidth":16
                }, 
                {
                 "id":375,
                 "image":"..\/gfx\/misc\/OBBatSeeker.png",
                 "imageheight":14,
                 "imagewidth":16
                }, 
                {
                 "id":376,
                 "image":"..\/gfx\/misc\/OBAirGustParticle.png",
                 "imageheight":2,
                 "imagewidth":2
                }, 
                {
                 "id":377,
                 "image":"..\/gfx\/misc\/OBAcidSplatter.png",
                 "imageheight":3,
                 "imagewidth":16
                }, 
                {
                 "id":378,
                 "image":"..\/gfx\/decoration\/tree_blocky.png",
                 "imageheight":128,
                 "imagewidth":96
                }, 
                {
                 "id":379,
                 "image":"..\/gfx\/decoration\/round_hill_thing.png",
                 "imageheight":85,
                 "imagewidth":64
                }, 
                {
                 "id":380,
                 "image":"..\/gfx\/decoration\/plant_tiny_brown.png",
                 "imageheight":18,
                 "imagewidth":6
                }, 
                {
                 "id":381,
                 "image":"..\/gfx\/decoration\/plant_tiny_blue.png",
                 "imageheight":18,
                 "imagewidth":6
                }, 
                {
                 "id":382,
                 "image":"..\/gfx\/decoration\/plant_tall_sideways.png",
                 "imageheight":10,
                 "imagewidth":30
                }, 
                {
                 "id":383,
                 "image":"..\/gfx\/decoration\/plant_tall_brown.png",
                 "imageheight":30,
                 "imagewidth":10
                }, 
                {
                 "id":384,
                 "image":"..\/gfx\/decoration\/plant_tall.png",
                 "imageheight":30,
                 "imagewidth":10
                }, 
                {
                 "id":385,
                 "image":"..\/gfx\/decoration\/inverted_v_hill.png",
                 "imageheight":80,
                 "imagewidth":121
                }, 
                {
                 "id":386,
                 "image":"..\/gfx\/decoration\/ground_gray_brick_bg.png",
                 "imageheight":16,
                 "imagewidth":16
                }, 
                {
                 "id":387,
                 "image":"..\/gfx\/decoration\/ground.png",
                 "imageheight":16,
                 "imagewidth":16
                }, 
                {
                 "id":388,
                 "image":"..\/gfx\/decoration\/file_cabinet_color2.png",
                 "imageheight":18,
                 "imagewidth":14
                }, 
                {
                 "id":389,
                 "image":"..\/gfx\/decoration\/file_cabinet.png",
                 "imageheight":18,
                 "imagewidth":14
                }, 
                {
                 "id":390,
                 "image":"..\/gfx\/decoration\/explosion_small.png",
                 "imageheight":10,
                 "imagewidth":10
                }, 
                {
                 "id":391,
                 "image":"..\/gfx\/decoration\/elevator_shaft.png",
                 "imageheight":48,
                 "imagewidth":48
                }, 
                {
                 "id":392,
                 "image":"..\/gfx\/decoration\/elevator_electrocuted.png",
                 "imageheight":48,
                 "imagewidth":48
                }, 
                {
                 "id":393,
                 "image":"..\/gfx\/decoration\/elephant_car_wash.png",
                 "imageheight":64,
                 "imagewidth":70
                }, 
                {
                 "id":394,
                 "image":"..\/gfx\/decoration\/door_orange.png",
                 "imageheight":32,
                 "imagewidth":28
                }, 
                {
                 "id":395,
                 "image":"..\/gfx\/decoration\/door_green.png",
                 "imageheight":32,
                 "imagewidth":28
                }, 
                {
                 "id":396,
                 "image":"..\/gfx\/decoration\/clock.png",
                 "imageheight":16,
                 "imagewidth":16
                }, 
                {
                 "id":397,
                 "image":"..\/gfx\/decoration\/bush_stackable.png",
                 "imageheight":70,
                 "imagewidth":32
                }, 
                {
                 "id":398,
                 "image":"..\/gfx\/decoration\/brick_gray_bg.png",
                 "imageheight":16,
                 "imagewidth":16
                }, 
                {
                 "id":399,
                 "image":"..\/gfx\/decoration\/OBBrickBrokenSmall.png",
                 "imageheight":8,
                 "imagewidth":8
                }, 
                {
                 "id":400,
                 "image":"..\/gfx\/decoration\/OBElectricSparkle.png",
                 "imageheight":8,
                 "imagewidth":8
                }, 
                {
                 "id":401,
                 "image":"..\/gfx\/decoration\/ui_tips\/keyboard_wasd_tip_w.png",
                 "imageheight":24,
                 "imagewidth":32
                }, 
                {
                 "id":402,
                 "image":"..\/gfx\/decoration\/ui_tips\/keyboard_wasd_tip_space.png",
                 "imageheight":24,
                 "imagewidth":32
                }, 
                {
                 "id":407,
                 "image":"..\/gfx\/weapons\/OBGun.png",
                 "imageheight":13,
                 "imagewidth":16
                }, 
                {
                 "id":408,
                 "image":"..\/gfx\/weapons\/OBShotgun.png",
                 "imageheight":10,
                 "imagewidth":27
                }, 
                {
                 "id":409,
                 "image":"..\/gfx\/surface\/wall_blue_top.png",
                 "imageheight":16,
                 "imagewidth":16
                }, 
                {
                 "id":410,
                 "image":"..\/gfx\/surface\/wall_blue_mid.png",
                 "imageheight":16,
                 "imagewidth":16
                }, 
                {
                 "id":411,
                 "image":"..\/gfx\/surface\/ground_lr2_4x4_brown.png",
                 "imageheight":16,
                 "imagewidth":16
                }, 
                {
                 "id":412,
                 "image":"..\/gfx\/surface\/ground_lr2_4x4.png",
                 "imageheight":16,
                 "imagewidth":16
                }, 
                {
                 "id":413,
                 "image":"..\/gfx\/surface\/ground_lr2.png",
                 "imageheight":16,
                 "imagewidth":16
                }, 
                {
                 "id":414,
                 "image":"..\/gfx\/surface\/ground_lr.png",
                 "imageheight":16,
                 "imagewidth":16
                }, 
                {
                 "id":415,
                 "image":"..\/gfx\/surface\/ground_gray_brick_full.png",
                 "imageheight":16,
                 "imagewidth":16
                }, 
                {
                 "id":416,
                 "image":"..\/gfx\/surface\/ground_gray_brick.png",
                 "imageheight":16,
                 "imagewidth":16
                }, 
                {
                 "id":417,
                 "image":"..\/gfx\/surface\/block_pushable.png",
                 "imageheight":16,
                 "imagewidth":16
                }, 
                {
                 "id":418,
                 "image":"..\/gfx\/surface\/block_falling_yellow.png",
                 "imageheight":16,
                 "imagewidth":16
                }, 
                {
                 "id":419,
                 "image":"..\/gfx\/surface\/block_fall_on_touch_damaged_02.png",
                 "imageheight":16,
                 "imagewidth":16
                }, 
                {
                 "id":420,
                 "image":"..\/gfx\/surface\/block_fall_on_touch_damaged.png",
                 "imageheight":16,
                 "imagewidth":16
                }, 
                {
                 "id":421,
                 "image":"..\/gfx\/surface\/block_fall_on_touch.png",
                 "imageheight":16,
                 "imagewidth":16
                }, 
                {
                 "id":422,
                 "image":"..\/gfx\/surface\/OBSurface.png",
                 "imageheight":16,
                 "imagewidth":16
                }, 
                {
                 "id":423,
                 "image":"..\/gfx\/surface\/OBQuestionBlock_Used.png",
                 "imageheight":16,
                 "imagewidth":16
                }, 
                {
                 "id":424,
                 "image":"..\/gfx\/surface\/OBWoodenCrate.png",
                 "imageheight":16,
                 "imagewidth":16
                }],
         "tilewidth":400
        }],
 "tilewidth":16,
 "type":"map",
 "version":1.4,
 "width":100
}