{ "compressionlevel":-1,
 "editorsettings":
    {
     "export":
        {
         "format":"json",
         "target":"l01.json"
        }
    },
 "height":20,
 "infinite":false,
 "layers":[
        {
         "data":[0, 0, 0, 0, 0, 0, 0, 0, 0, 0, 0, 0, 0, 0, 0, 0, 0, 0, 0, 0, 0, 0, 0, 0, 0, 0, 0, 0, 0, 0, 0, 0, 0, 0, 0, 0, 0, 0, 0, 0, 0, 0, 0, 0, 0, 0, 0, 0, 0, 0, 0, 0, 0, 0, 0, 0, 0, 0, 0, 0, 0, 0, 0, 0, 0, 0, 0, 0, 0, 0, 0, 0, 0, 0, 0, 0, 0, 0, 0, 0, 0, 0, 0, 0, 0, 0, 0, 0, 0, 0, 0, 0, 0, 0, 0, 0, 0, 0, 0, 0, 0, 0, 0, 0, 0, 0, 0, 0, 0, 0, 0, 0, 0, 0, 0, 0, 0, 0, 0, 0, 0, 0, 0, 0, 0, 0, 0, 0, 0, 0, 0, 0, 0, 0, 0, 0, 0, 0, 0, 0, 0, 0, 0, 0, 0, 0, 0, 0, 0, 0, 0, 0, 0, 0, 0, 0, 0, 0, 0, 0, 0, 0, 0, 0, 0, 0, 0, 0, 0, 0, 0, 0, 0, 0, 0, 0, 0, 0, 0, 0, 0, 0, 0, 0, 0, 0, 0, 0, 0, 0, 0, 0, 0, 0, 0, 0, 0, 0, 0, 0, 0, 0, 0, 0, 0, 0, 0, 0, 0, 0, 0, 0, 0, 0, 0, 0, 0, 0, 0, 0, 0, 0, 0, 0, 0, 0, 0, 0, 0, 0, 0, 0, 0, 0, 0, 0, 0, 0, 0, 0, 0, 0, 0, 0, 0, 0, 0, 0, 0, 0, 0, 0, 0, 0, 0, 0, 0, 0, 0, 0, 0, 0, 0, 0, 0, 0, 0, 0, 0, 0, 0, 0, 0, 0, 0, 0, 0, 0, 0, 0, 0, 0, 0, 0, 0, 0, 0, 0, 0, 0, 0, 0, 0, 0, 0, 0, 0, 0, 0, 0, 0, 0, 0, 0, 0, 0, 0, 0, 0, 0, 0, 0, 0, 0, 0, 0, 0, 0, 0, 0, 0, 0, 0, 0, 0, 0, 0, 0, 0, 0, 0, 0, 0, 0, 0, 0, 0, 0, 0, 0, 0, 0, 0, 0, 0, 0, 0, 0, 0, 0, 0, 0, 0, 0, 0, 0, 0, 0, 0, 0, 0, 0, 0, 0, 0, 0, 0, 0, 0, 0, 0, 0, 0, 0, 0, 0, 0, 0, 0, 0, 0, 0, 0, 0, 0, 0, 0, 0, 0, 0, 0, 0, 0, 0, 0, 0, 0, 0, 0, 0, 0, 0, 0, 0, 0, 0, 0, 0, 0, 0, 0, 0, 0, 0, 0, 0, 0, 0, 0, 0, 0, 0, 0, 0, 0, 0, 0, 0, 0, 0, 0, 0, 0, 0, 0, 0, 0, 0, 0, 0, 0, 0, 0, 0, 0, 0, 0, 0, 0, 0, 0, 0, 0, 0, 0, 0, 0, 0, 0, 0, 0, 0, 0, 0, 0, 0, 0, 0, 0, 0, 0, 0, 0, 0, 0, 0, 0, 0, 0, 0, 0, 0, 0, 0, 0, 0, 0, 0, 0, 0, 0, 0, 0, 0, 0, 0, 0, 0, 0, 0, 0, 0, 0, 0, 0, 0, 0, 0, 0, 0, 0, 0, 0, 0, 0, 0, 0, 0, 0, 0, 0, 0, 0, 0, 0, 0, 0, 0, 0, 0, 0, 0, 0, 0, 0, 0, 0, 0, 0, 0, 0, 0, 0, 0, 0, 0, 0, 0, 0, 0, 0, 0, 0, 0, 0, 0, 0, 0, 0, 0, 0, 0, 0, 0, 0, 0, 0, 0, 0, 0, 0, 0, 0, 0, 0, 0, 0, 0, 0, 0, 0, 0, 0, 0, 0, 0, 0, 0, 0, 0, 0, 0, 0, 0, 0, 0, 0, 0, 0, 0, 0, 0, 0, 0, 0, 0, 0, 0, 0, 0, 0, 0, 0, 0, 0, 0, 0, 0, 0, 0, 0, 0, 0, 0, 0, 0, 0, 0, 0, 0, 0, 0, 0, 0, 0, 0, 0, 0, 0, 0, 0, 0, 0, 0, 0, 0, 0, 0, 0, 0, 0, 0, 0, 0, 0, 0, 0, 0, 0, 0, 0, 0, 0, 0, 0, 0, 0, 0, 0, 0, 0, 0, 0, 0, 0, 0, 0, 0, 0, 0, 0, 0, 0, 0, 0, 0, 0, 0, 0, 0, 0, 0, 0, 0, 0, 0, 0, 0, 0, 0, 0, 0, 0, 0, 0, 0, 0, 0, 0, 0, 0, 0, 0, 0, 0, 0, 0, 0, 0, 0, 0, 0, 0, 0, 0, 0, 0, 0, 0, 0, 0, 0, 0, 0, 0, 0, 0, 0, 0, 0, 0, 0, 0, 0, 0, 0, 0, 0, 0, 0, 0, 0, 0, 0, 0, 0, 0, 0, 0, 0, 0, 0, 0, 0, 0, 0, 0, 0, 0, 0, 0, 0, 0, 0, 0, 0, 0, 0, 0, 0, 0, 0, 0, 0, 0, 0, 0, 0, 0, 0, 0, 0, 0, 0, 0, 0, 0, 0, 0, 0, 0, 0, 0, 0, 0, 0, 0, 0, 0, 0, 0, 0, 0, 0, 0, 0, 0, 0, 0, 0, 0, 0, 0, 0, 0, 0, 0, 0, 0, 0, 0, 0, 0, 0, 0, 0, 0, 0, 0, 0, 0, 0, 0, 0, 0, 0, 0, 0, 0, 0, 0, 0, 0, 0, 0, 0, 0, 0, 0, 0, 0, 0, 0, 0, 0, 0, 0, 0, 0, 0, 0, 0, 0, 0, 0, 0, 0, 0, 0, 0, 0, 0, 0, 0, 0, 0, 0, 0, 0, 0, 0, 0, 0, 0, 0, 0, 0, 0, 0, 0, 0, 0, 0, 0, 0, 0, 0, 0, 0, 0, 0, 0, 0, 0, 0, 0, 0, 0, 0, 0, 0, 0, 0, 0, 0, 0, 0, 0, 0, 0, 0, 0, 0, 0, 0, 0, 0, 0, 0, 0, 0, 0, 0, 0, 0, 0, 0, 0, 0, 0, 0, 0, 0, 0, 0, 0, 0, 0, 0, 0, 0, 0, 0, 0, 0, 0, 0, 0, 0, 0, 0, 0, 0, 0, 0, 0, 0, 0, 0, 0, 0, 0, 0, 0, 0, 0, 0, 0, 0, 0, 0, 0, 0, 0, 0, 0, 0, 0, 0, 0, 0, 0, 0, 0, 0, 0, 0, 0, 0, 0, 0, 0, 0, 0, 0, 0, 0, 0, 0, 0, 0, 0, 0, 0, 0, 0, 0, 0, 0, 0, 0, 0, 0, 0, 0, 0, 0, 0, 0, 0, 0, 0, 0, 0, 0, 0, 0, 0, 0, 0, 0, 0, 0, 0, 0, 0, 0, 0, 0, 0, 0, 0, 0, 0, 0, 0, 0, 0, 0, 0, 0, 0, 0, 0, 0, 0, 0, 0, 0, 0, 0, 0, 0, 0, 0, 0, 0, 0, 0, 0, 0, 0, 0, 0, 0, 0, 0, 0, 0, 0, 0, 0, 0, 0, 0, 0, 0, 0, 0, 0, 0, 0, 0, 0, 0, 0, 0, 0, 0, 0, 0, 0, 0, 0, 0, 0, 0, 0, 0, 0, 0, 0, 0, 0, 0, 0, 0, 0, 0, 0, 0, 0, 0, 0, 0, 0, 0, 0, 0, 0, 0, 0, 0, 0, 0, 0, 0, 0, 0, 0, 0, 0, 0, 0, 0, 0, 0, 0, 0, 0, 0, 0, 0, 0, 0, 0, 0, 0, 0, 0, 0, 0, 0, 0, 0, 0, 0, 0, 0, 0, 0, 0, 0, 0, 0, 0, 0, 0, 0, 0, 0, 0, 0, 0, 0, 0, 0, 0, 0, 0, 0, 0, 0, 0, 0, 0, 0, 0, 0, 0, 0, 0, 0, 0, 0, 0, 0, 0, 0, 0, 0, 0, 0, 0, 0, 0, 0, 0, 0, 0, 0, 0, 0, 0, 0, 0, 0, 0, 0, 0, 0, 0, 0, 0, 0, 0, 0, 0, 0, 0, 0, 0, 0, 0, 0, 0, 0, 0, 0, 0, 0, 0, 0, 0, 0, 0, 0, 0, 0, 0, 0, 0, 0, 0, 0, 0, 0, 0, 0, 0, 0, 0, 0, 0, 0, 0, 0, 0, 0, 0, 0, 0, 0, 0, 0, 0, 0, 0, 0, 0, 0, 0, 0, 0, 0, 0, 0, 0, 0, 0, 0, 0, 0, 0, 0, 0, 0, 0, 0, 0, 0, 0, 0, 0, 0, 0, 0, 0, 0, 0, 0, 0, 0, 0, 0, 0, 0, 0, 0, 0, 0, 0, 0, 0, 0, 0, 0, 0, 0, 0, 0, 0, 0, 0, 0, 0, 0, 0, 0, 0, 0, 0, 0, 0, 0, 0, 0, 0, 0, 0, 0, 0, 0, 0, 0, 0, 0, 0, 0, 0, 0, 0, 0, 0, 0, 0, 0, 0, 0, 0, 0, 0, 0, 0, 0, 0, 0, 0, 0, 0, 0, 0, 0, 0, 0, 0, 0, 0, 0, 0, 0, 0, 0, 0, 0, 0, 0, 0, 0, 0, 0, 0, 0, 0, 0, 0, 0, 0, 0, 0, 0, 0, 0, 0, 0, 0, 0, 0, 0, 0, 0, 0, 0, 0, 0, 0, 0, 0, 0, 0, 0, 0, 0, 0, 0, 0, 0, 0, 0, 0, 0, 0, 0, 0, 0, 0, 0, 0, 0, 0, 0, 0, 0, 0, 0, 0, 0, 0, 0, 0, 0, 0, 0, 0, 0, 0, 0, 0, 0, 0, 0, 0, 0, 0, 0, 0, 0, 0, 0, 0, 0, 0, 0, 0, 0, 0, 0, 0, 0, 0, 0, 0, 0, 0, 0, 0, 0, 0, 0, 0, 0, 0, 0, 0, 0, 0, 0, 0, 0, 0, 0, 0, 0, 0, 0, 0, 0, 0, 0, 0, 0, 0, 0, 0, 0, 0, 0, 0, 0, 0, 0, 0, 0, 0, 0, 0, 0, 0, 0, 0, 0, 0, 0, 0, 0, 0, 0, 0, 0, 0, 0, 0, 0, 0, 0, 0, 0, 0, 0, 0, 0, 0, 0, 0, 0, 0, 0, 0, 0, 0, 0, 0, 0, 0, 0, 0, 0, 0, 0, 0, 0, 0, 0, 0, 0, 0, 0, 0, 0, 0, 0, 0, 0, 0, 0, 0, 0, 0, 0, 0, 0, 0, 0, 0, 0, 0, 0, 0, 0, 0, 0, 0, 0, 0, 0, 0, 0, 0, 0, 0, 0, 0, 0, 0, 0, 0, 0, 0, 0, 0, 0, 0, 0, 0, 0, 0, 0, 0, 0, 0, 0, 0, 0, 0, 0, 0, 0, 0, 0, 0, 0, 0, 0, 0, 0, 0, 0, 0, 0, 0, 0, 0, 0, 0, 0, 0, 0, 0, 0, 0, 371, 371, 0, 0, 0, 0, 0, 0, 0, 0, 0, 0, 0, 0, 0, 0, 0, 0, 0, 0, 0, 0, 0, 0, 0, 0, 0, 0, 0, 0, 0, 0, 0, 0, 0, 0, 0, 0, 0, 0, 0, 0, 0, 0, 0, 0, 0, 0, 0, 0, 0, 0, 0, 0, 0, 0, 0, 0, 0, 0, 0, 0, 0, 0, 0, 0, 0, 0, 0, 0, 0, 0, 0, 0, 0, 0, 0, 0, 0, 0, 0, 0, 0, 0, 0, 0, 0, 0, 0, 0, 0, 0, 0, 0, 0, 0, 0, 0, 0, 0, 371, 371, 353, 0, 0, 0, 0, 0, 0, 0, 0, 0, 0, 0, 0, 0, 0, 0, 0, 0, 0, 0, 0, 0, 0, 0, 0, 0, 0, 0, 0, 0, 0, 0, 0, 0, 0, 0, 0, 0, 0, 0, 0, 0, 0, 0, 0, 0, 0, 0, 0, 0, 0, 0, 0, 0, 0, 0, 0, 0, 0, 0, 0, 0, 0, 0, 0, 0, 0, 0, 0, 0, 0, 0, 0, 0, 0, 0, 0, 0, 0, 0, 0, 0, 0, 0, 0, 0, 0, 0, 0, 0, 0, 0, 0, 0, 0, 0, 0, 0, 371, 371, 339, 339, 339, 339, 339, 339, 339, 339, 339, 0, 0, 0, 0, 0, 0, 0, 0, 0, 0, 0, 0, 0, 0, 0, 0, 0, 0, 0, 0, 0, 0, 0, 0, 0, 0, 0, 0, 0, 0, 0, 0, 0, 0, 0, 0, 0, 0, 0, 0, 0, 0, 0, 0, 0, 0, 0, 0, 0, 0, 0, 0, 0, 0, 0, 0, 0, 0, 0, 0, 0, 0, 0, 0, 0, 0, 0, 0, 0, 0, 0, 0, 0, 0, 0, 0, 0, 0, 0, 0, 0, 0, 0, 0, 0, 0, 0, 0, 0],
         "height":20,
         "id":1,
         "name":"base",
         "opacity":1,
         "type":"tilelayer",
         "visible":true,
         "width":100,
         "x":0,
         "y":0
        }, 
        {
         "draworder":"topdown",
         "id":2,
         "name":"objs",
         "objects":[
                {
                 "gid":318,
                 "height":32,
                 "id":610,
                 "name":"",
                 "properties":[
                        {
                         "name":"travel_to",
                         "type":"string",
                         "value":"l02.json"
                        }],
                 "rotation":0,
                 "type":"",
                 "visible":true,
                 "width":28,
                 "x":144,
                 "y":304
                }],
         "opacity":1,
         "properties":[
                {
                 "name":"phase",
                 "type":"string",
                 "value":"1"
                }, 
                {
                 "name":"phase_tot",
                 "type":"string",
                 "value":"4"
                }],
         "type":"objectgroup",
         "visible":true,
         "x":0,
         "y":0
        }],
 "nextlayerid":3,
 "nextobjectid":611,
 "orientation":"orthogonal",
 "renderorder":"right-down",
 "tiledversion":"1.4.2",
 "tileheight":16,
 "tilesets":[
        {
         "columns":0,
         "firstgid":1,
         "grid":
            {
             "height":1,
             "orientation":"orthogonal",
             "width":1
            },
         "margin":0,
         "name":"basets",
         "spacing":0,
         "tilecount":100,
         "tileheight":128,
         "tiles":[
                {
                 "id":303,
                 "image":"../../data/gfx/misc/star_yellow.png",
                 "imageheight":45,
                 "imagewidth":50
                }, 
                {
                 "id":304,
                 "image":"../../data/gfx/misc/spring_jump_up_extended.png",
                 "imageheight":16,
                 "imagewidth":16
                }, 
                {
                 "id":305,
                 "image":"../../data/gfx/misc/spring_jump_up.png",
                 "imageheight":10,
                 "imagewidth":16
                }, 
                {
                 "id":306,
                 "image":"../../data/gfx/misc/fireball_small.png",
                 "imageheight":5,
                 "imagewidth":5
                }, 
                {
                 "id":307,
                 "image":"../../data/gfx/misc/OBUIHUD.png",
                 "imageheight":32,
                 "imagewidth":128
                }, 
                {
                 "id":308,
                 "image":"../../data/gfx/misc/OBPixelRed4x4.png",
                 "imageheight":4,
                 "imagewidth":4
                }, 
                {
                 "id":309,
                 "image":"../../data/gfx/misc/OBPixelGreen4x4.png",
                 "imageheight":4,
                 "imagewidth":4
                }, 
                {
                 "id":310,
                 "image":"../../data/gfx/misc/OBPixelBlue4x4.png",
                 "imageheight":4,
                 "imagewidth":4
                }, 
                {
                 "id":311,
                 "image":"../../data/gfx/misc/OBObjectIsBurningFire.png",
                 "imageheight":8,
                 "imagewidth":8
                }, 
                {
                 "id":312,
                 "image":"../../data/gfx/misc/OBInvisibleMarker.png",
                 "imageheight":16,
                 "imagewidth":16
                }, 
                {
                 "id":313,
                 "image":"../../data/gfx/misc/OBHeartStatus.png",
                 "imageheight":8,
                 "imagewidth":8
                }, 
                {
                 "id":314,
                 "image":"../../data/gfx/misc/OBFireball.png",
                 "imageheight":8,
                 "imagewidth":8
                }, 
                {
                 "id":315,
                 "image":"../../data/gfx/misc/OBFireSource.png",
                 "imageheight":14,
                 "imagewidth":13
                }, 
                {
                 "id":316,
                 "image":"../../data/gfx/misc/OBDoorRabbitEndLevel.png",
                 "imageheight":54,
                 "imagewidth":32
                }, 
                {
                 "id":317,
                 "image":"../../data/gfx/misc/OBDoorOrangeTravel.png",
                 "imageheight":32,
                 "imagewidth":28
                }, 
                {
                 "id":318,
                 "image":"../../data/gfx/misc/OBDisruptSurroundingObjects.png",
                 "imageheight":16,
                 "imagewidth":16
                }, 
                {
                 "id":319,
                 "image":"../../data/gfx/misc/OBDisplayLivesAndTriggerNextLevel.png",
                 "imageheight":16,
                 "imagewidth":16
                }, 
                {
                 "id":320,
                 "image":"../../data/gfx/misc/OBCoin.png",
                 "imageheight":16,
                 "imagewidth":16
                }, 
                {
                 "id":321,
                 "image":"../../data/gfx/misc/OBCameraTracker.png",
                 "imageheight":32,
                 "imagewidth":32
                }, 
                {
                 "id":322,
                 "image":"../../data/gfx/misc/OBCameraNormal.png",
                 "imageheight":16,
                 "imagewidth":16
                }, 
                {
                 "id":323,
                 "image":"../../data/gfx/misc/OBButtonFloorRed.png",
                 "imageheight":7,
                 "imagewidth":16
                }, 
                {
                 "id":324,
                 "image":"../../data/gfx/misc/OBBall.png",
                 "imageheight":8,
                 "imagewidth":8
                }, 
                {
                 "id":325,
                 "image":"../../data/gfx/misc/vampire_wannabe.png",
                 "imageheight":32,
                 "imagewidth":32
                }, 
                {
                 "id":326,
                 "image":"../../data/gfx/misc/left_arrow_unused.png",
                 "imageheight":16,
                 "imagewidth":16
                }, 
                {
                 "id":327,
                 "image":"../../data/gfx/misc/bully.png",
                 "imageheight":16,
                 "imagewidth":16
                }, 
                {
                 "id":328,
                 "image":"../../data/gfx/misc/OBWindGust.png",
                 "imageheight":4,
                 "imagewidth":4
                }, 
                {
                 "id":329,
                 "image":"../../data/gfx/misc/OBWaterTopBlock.png",
                 "imageheight":16,
                 "imagewidth":16
                }, 
                {
                 "id":330,
                 "image":"../../data/gfx/misc/OBUIHUD_400x32.png",
                 "imageheight":32,
                 "imagewidth":400
                }, 
                {
                 "id":331,
                 "image":"../../data/gfx/misc/OBSurfaceMovingTopDown.png",
                 "imageheight":12,
                 "imagewidth":80
                }, 
                {
                 "id":332,
                 "image":"../../data/gfx/misc/OBSporadicBlock.png",
                 "imageheight":16,
                 "imagewidth":16
                }, 
                {
                 "id":333,
                 "image":"../../data/gfx/misc/OBSpikeFloorRaising.png",
                 "imageheight":16,
                 "imagewidth":16
                }, 
                {
                 "id":334,
                 "image":"../../data/gfx/misc/OBSpikeCeilingFalling.png",
                 "imageheight":16,
                 "imagewidth":16
                }, 
                {
                 "id":335,
                 "image":"../../data/gfx/misc/OBSpikeCeiling.png",
                 "imageheight":16,
                 "imagewidth":16
                }, 
                {
                 "id":336,
                 "image":"../../data/gfx/misc/OBSoundBox.png",
                 "imageheight":32,
                 "imagewidth":32
                }, 
                {
                 "id":337,
                 "image":"../../data/gfx/misc/OBRoundRedBallProjectile.png",
                 "imageheight":16,
                 "imagewidth":16
                }, 
                {
                 "id":338,
                 "image":"../../data/gfx/misc/OBQuestionBlock.png",
                 "imageheight":16,
                 "imagewidth":16
                }, 
                {
                 "id":339,
                 "image":"../../data/gfx/misc/OBPlatformMoveOnPlayerContact.png",
                 "imageheight":16,
                 "imagewidth":64
                }, 
                {
                 "id":340,
                 "image":"../../data/gfx/misc/OBPlatformMoveOnActivation_TopDown.png",
                 "imageheight":64,
                 "imagewidth":16
                }, 
                {
                 "id":341,
                 "image":"../../data/gfx/misc/OBPlatformMoveOnActivation.png",
                 "imageheight":16,
                 "imagewidth":64
                }, 
                {
                 "id":342,
                 "image":"../../data/gfx/misc/OBPixelWhite4x4.png",
                 "imageheight":4,
                 "imagewidth":4
                }, 
                {
                 "id":343,
                 "image":"../../data/gfx/misc/OBMonsterThrowOblique.png",
                 "imageheight":47,
                 "imagewidth":39
                }, 
                {
                 "id":344,
                 "image":"../../data/gfx/misc/OBMonsterSpider.png",
                 "imageheight":23,
                 "imagewidth":32
                }, 
                {
                 "id":345,
                 "image":"../../data/gfx/misc/OBMonsterGhostCircleBig.png",
                 "imageheight":20,
                 "imagewidth":22
                }, 
                {
                 "id":346,
                 "image":"../../data/gfx/misc/OBMetalBarrel.png",
                 "imageheight":32,
                 "imagewidth":16
                }, 
                {
                 "id":347,
                 "image":"../../data/gfx/misc/OBMagnet.png",
                 "imageheight":16,
                 "imagewidth":16
                }, 
                {
                 "id":348,
                 "image":"../../data/gfx/misc/OBLava.png",
                 "imageheight":16,
                 "imagewidth":16
                }, 
                {
                 "id":349,
                 "image":"../../data/gfx/misc/OBHornetNest.png",
                 "imageheight":29,
                 "imagewidth":22
                }, 
                {
                 "id":350,
                 "image":"../../data/gfx/misc/OBHornet.png",
                 "imageheight":11,
                 "imagewidth":15
                }, 
                {
                 "id":351,
                 "image":"../../data/gfx/misc/OBHeroKid.png",
                 "imageheight":17,
                 "imagewidth":13
                }, 
                {
                 "id":352,
                 "image":"../../data/gfx/misc/OBHero.png",
                 "imageheight":30,
                 "imagewidth":14
                }, 
                {
                 "id":353,
                 "image":"../../data/gfx/misc/OBGibs.png",
                 "imageheight":8,
                 "imagewidth":8
                }, 
                {
                 "id":354,
                 "image":"../../data/gfx/misc/OBGenericLauncher.png",
                 "imageheight":16,
                 "imagewidth":16
                }, 
                {
                 "id":355,
                 "image":"../../data/gfx/misc/OBGasBurnable.png",
                 "imageheight":3,
                 "imagewidth":3
                }, 
                {
                 "id":356,
                 "image":"../../data/gfx/misc/OBFlyingFire.png",
                 "imageheight":16,
                 "imagewidth":16
                }, 
                {
                 "id":357,
                 "image":"../../data/gfx/misc/OBFan.png",
                 "imageheight":16,
                 "imagewidth":32
                }, 
                {
                 "id":358,
                 "image":"../../data/gfx/misc/OBEvilHorse.png",
                 "imageheight":30,
                 "imagewidth":16
                }, 
                {
                 "id":359,
                 "image":"../../data/gfx/misc/OBEmptyObject.png",
                 "imageheight":16,
                 "imagewidth":16
                }, 
                {
                 "id":360,
                 "image":"../../data/gfx/misc/OBElevator.png",
                 "imageheight":48,
                 "imagewidth":48
                }, 
                {
                 "id":361,
                 "image":"../../data/gfx/misc/OBElectricWire_TopDown.png",
                 "imageheight":16,
                 "imagewidth":4
                }, 
                {
                 "id":362,
                 "image":"../../data/gfx/misc/OBElectricWire.png",
                 "imageheight":4,
                 "imagewidth":16
                }, 
                {
                 "id":363,
                 "image":"../../data/gfx/misc/OBElectricProjectile.png",
                 "imageheight":6,
                 "imagewidth":8
                }, 
                {
                 "id":364,
                 "image":"../../data/gfx/misc/OBDownCrunch.png",
                 "imageheight":16,
                 "imagewidth":32
                }, 
                {
                 "id":365,
                 "image":"../../data/gfx/misc/OBCitrusThrowAcid.png",
                 "imageheight":20,
                 "imagewidth":30
                }, 
                {
                 "id":366,
                 "image":"../../data/gfx/misc/OBCitizenYellow.png",
                 "imageheight":30,
                 "imagewidth":16
                }, 
                {
                 "id":367,
                 "image":"../../data/gfx/misc/OBCitizenGreen.png",
                 "imageheight":30,
                 "imagewidth":16
                }, 
                {
                 "id":368,
                 "image":"../../data/gfx/misc/OBCircularSaw.png",
                 "imageheight":16,
                 "imagewidth":16
                }, 
                {
                 "id":369,
                 "image":"../../data/gfx/misc/OBBushBranch.png",
                 "imageheight":8,
                 "imagewidth":32
                }, 
                {
                 "id":370,
                 "image":"../../data/gfx/misc/OBBrickBreakable.png",
                 "imageheight":16,
                 "imagewidth":16
                }, 
                {
                 "id":371,
                 "image":"../../data/gfx/misc/OBBomb.png",
                 "imageheight":12,
                 "imagewidth":10
                }, 
                {
                 "id":372,
                 "image":"../../data/gfx/misc/OBBlockUpIfAbove.png",
                 "imageheight":16,
                 "imagewidth":16
                }, 
                {
                 "id":373,
                 "image":"../../data/gfx/misc/OBBlockFallIfAbove.png",
                 "imageheight":16,
                 "imagewidth":16
                }, 
                {
                 "id":374,
                 "image":"../../data/gfx/misc/OBBatSingleDash.png",
                 "imageheight":14,
                 "imagewidth":16
                }, 
                {
                 "id":375,
                 "image":"../../data/gfx/misc/OBBatSeeker.png",
                 "imageheight":14,
                 "imagewidth":16
                }, 
                {
                 "id":376,
                 "image":"../../data/gfx/misc/OBAirGustParticle.png",
                 "imageheight":2,
                 "imagewidth":2
                }, 
                {
                 "id":377,
                 "image":"../../data/gfx/misc/OBAcidSplatter.png",
                 "imageheight":3,
                 "imagewidth":16
                }, 
                {
                 "id":378,
                 "image":"../../data/gfx/decoration/tree_blocky.png",
                 "imageheight":128,
                 "imagewidth":96
                }, 
                {
                 "id":379,
                 "image":"../../data/gfx/decoration/round_hill_thing.png",
                 "imageheight":85,
                 "imagewidth":64
                }, 
                {
                 "id":380,
                 "image":"../../data/gfx/decoration/plant_tiny_brown.png",
                 "imageheight":18,
                 "imagewidth":6
                }, 
                {
                 "id":381,
                 "image":"../../data/gfx/decoration/plant_tiny_blue.png",
                 "imageheight":18,
                 "imagewidth":6
                }, 
                {
                 "id":382,
                 "image":"../../data/gfx/decoration/plant_tall_sideways.png",
                 "imageheight":10,
                 "imagewidth":30
                }, 
                {
                 "id":383,
                 "image":"../../data/gfx/decoration/plant_tall_brown.png",
                 "imageheight":30,
                 "imagewidth":10
                }, 
                {
                 "id":384,
                 "image":"../../data/gfx/decoration/plant_tall.png",
                 "imageheight":30,
                 "imagewidth":10
                }, 
                {
                 "id":385,
                 "image":"../../data/gfx/decoration/inverted_v_hill.png",
                 "imageheight":80,
                 "imagewidth":121
                }, 
                {
                 "id":386,
                 "image":"../../data/gfx/decoration/ground_gray_brick_bg.png",
                 "imageheight":16,
                 "imagewidth":16
                }, 
                {
                 "id":387,
                 "image":"../../data/gfx/decoration/ground.png",
                 "imageheight":16,
                 "imagewidth":16
                }, 
                {
                 "id":388,
                 "image":"../../data/gfx/decoration/file_cabinet_color2.png",
                 "imageheight":18,
                 "imagewidth":14
                }, 
                {
                 "id":389,
                 "image":"../../data/gfx/decoration/file_cabinet.png",
                 "imageheight":18,
                 "imagewidth":14
                }, 
                {
                 "id":390,
                 "image":"../../data/gfx/decoration/explosion_small.png",
                 "imageheight":10,
                 "imagewidth":10
                }, 
                {
                 "id":391,
                 "image":"../../data/gfx/decoration/elevator_shaft.png",
                 "imageheight":48,
                 "imagewidth":48
                }, 
                {
                 "id":392,
                 "image":"../../data/gfx/decoration/elevator_electrocuted.png",
                 "imageheight":48,
                 "imagewidth":48
                }, 
                {
                 "id":393,
                 "image":"../../data/gfx/decoration/elephant_car_wash.png",
                 "imageheight":64,
                 "imagewidth":70
                }, 
                {
                 "id":394,
                 "image":"../../data/gfx/decoration/door_orange.png",
                 "imageheight":32,
                 "imagewidth":28
                }, 
                {
                 "id":395,
                 "image":"../../data/gfx/decoration/door_green.png",
                 "imageheight":32,
                 "imagewidth":28
                }, 
                {
                 "id":396,
                 "image":"../../data/gfx/decoration/clock.png",
                 "imageheight":16,
                 "imagewidth":16
                }, 
                {
                 "id":397,
                 "image":"../../data/gfx/decoration/bush_stackable.png",
                 "imageheight":70,
                 "imagewidth":32
                }, 
                {
                 "id":398,
                 "image":"../../data/gfx/decoration/brick_gray_bg.png",
                 "imageheight":16,
                 "imagewidth":16
                }, 
                {
                 "id":399,
                 "image":"../../data/gfx/decoration/OBBrickBrokenSmall.png",
                 "imageheight":8,
                 "imagewidth":8
                }, 
                {
                 "id":400,
                 "image":"../../data/gfx/decoration/OBElectricSparkle.png",
                 "imageheight":8,
                 "imagewidth":8
                }, 
                {
                 "id":401,
                 "image":"../../data/gfx/decoration/ui_tips/keyboard_wasd_tip_w.png",
                 "imageheight":24,
                 "imagewidth":32
                }, 
                {
                 "id":402,
                 "image":"../../data/gfx/decoration/ui_tips/keyboard_wasd_tip_space.png",
                 "imageheight":24,
                 "imagewidth":32
                }],
         "tilewidth":400
        }],
 "tilewidth":16,
 "type":"map",
 "version":1.4,
 "width":100
}